{
  "train": {
    "phase": "train",
    "num_videos": 7516,
    "num_frames": 175751,
    "num_objects_observed": 549315,
    "num_objects_unobserved": 61149,
    "num_objects_total": 610464,
    "num_rels_observed": 373564,
    "num_rels_unobserved": 61149,
    "num_rels_total": 434713,
    "num_3d_obbs": 604128,
    "att_dist": {
      "unsure": 38387,
      "not_looking_at": 245253,
      "looking_at": 144749
    },
    "spa_dist": {
      "in_front_of": 274060,
      "beneath": 57972,
      "behind": 52600,
      "on_the_side_of": 73170,
      "in": 35182,
      "above": 4771
    },
    "con_dist": {
      "not_contacting": 154600,
      "sitting_on": 40343,
      "leaning_on": 11440,
      "other_relationship": 8716,
      "holding": 157418,
      "touching": 51850,
      "twisting": 86,
      "eating": 3204,
      "drinking_from": 4487,
      "standing_on": 7576,
      "wearing": 7936,
      "wiping": 765,
      "covered_by": 4025,
      "writing_on": 1102,
      "lying_on": 3427,
      "carrying": 4364,
      "have_it_on_the_back": 347
    },
    "object_class_dist": {
      "person": 175751,
      "table": 29737,
      "chair": 24058,
      "bag": 15439,
      "doorway": 11235,
      "cup/glass/bottle": 35117,
      "medicine": 4247,
      "food": 31923,
      "shoe": 6350,
      "floor": 15546,
      "broom": 7062,
      "clothes": 25554,
      "door": 21692,
      "closet/cabinet": 12294,
      "laptop": 13863,
      "blanket": 13354,
      "sandwich": 10850,
      "refrigerator": 4928,
      "vacuum": 2522,
      "box": 10359,
      "light": 2259,
      "dish": 16810,
      "paper/notebook": 10166,
      "book": 17827,
      "phone/camera": 16514,
      "sofa/couch": 10356,
      "pillow": 7594,
      "television": 3215,
      "mirror": 8945,
      "bed": 8284,
      "shelf": 8874,
      "towel": 11104,
      "picture": 3380,
      "groceries": 3282,
      "doorknob": 6387,
      "window": 3586
    },
    "avg_objects_per_frame_world": 3.4734596104716333,
    "avg_objects_per_frame_observed": 3.1255298689623388,
    "avg_rels_per_frame_world": 2.4734596104716333,
    "avg_rels_per_frame_observed": 2.1255298689623388,
    "avg_frames_per_video": 23.38358169238957
  },
  "test": {
    "phase": "test",
    "num_videos": 1734,
    "num_frames": 56352,
    "num_objects_observed": 201683,
    "num_objects_unobserved": 22624,
    "num_objects_total": 224307,
    "num_rels_observed": 145331,
    "num_rels_unobserved": 22624,
    "num_rels_total": 167955,
    "num_3d_obbs": 224085,
    "att_dist": {
      "looking_at": 59091,
      "not_looking_at": 95525,
      "unsure": 13167
    },
    "spa_dist": {
      "in_front_of": 106944,
      "on_the_side_of": 37715,
      "above": 2896,
      "behind": 23202,
      "beneath": 25260,
      "in": 6339
    },
    "con_dist": {
      "not_contacting": 59202,
      "touching": 22143,
      "standing_on": 3395,
      "holding": 60823,
      "leaning_on": 4068,
      "lying_on": 1360,
      "sitting_on": 16455,
      "other_relationship": 3790,
      "wearing": 3133,
      "carrying": 2896,
      "drinking_from": 1484,
      "eating": 1117,
      "covered_by": 1935,
      "writing_on": 291,
      "have_it_on_the_back": 198,
      "unknown": 2,
      "twisting": 128,
      "wiping": 268
    },
    "object_class_dist": {
      "person": 56352,
      "table": 10655,
      "broom": 2226,
      "floor": 7415,
      "doorway": 3822,
      "laptop": 4469,
      "bed": 4052,
      "shoe": 2505,
      "phone/camera": 4840,
      "dish": 7098,
      "sofa/couch": 4517,
      "food": 11551,
      "cup/glass/bottle": 12566,
      "television": 1114,
      "blanket": 6202,
      "sandwich": 3185,
      "vacuum": 883,
      "box": 4511,
      "bag": 5118,
      "book": 7079,
      "paper/notebook": 4707,
      "clothes": 9002,
      "light": 923,
      "picture": 1635,
      "window": 1291,
      "closet/cabinet": 5649,
      "door": 10180,
      "doorknob": 4021,
      "shelf": 3656,
      "groceries": 1520,
      "towel": 5408,
      "mirror": 2762,
      "refrigerator": 1620,
      "chair": 8211,
      "medicine": 1173,
      "pillow": 2389
    },
    "avg_objects_per_frame_world": 3.9804620954003407,
    "avg_objects_per_frame_observed": 3.5789856615559343,
    "avg_rels_per_frame_world": 2.9804620954003407,
    "avg_rels_per_frame_observed": 2.5789856615559343,
    "avg_frames_per_video": 32.49826989619377
  },
  "combined": {
    "total_videos": 9250,
    "total_frames": 232103,
    "total_3d_obbs": 828213,
    "total_rels": 602668,
    "total_rels_observed": 518895,
    "total_rels_unobserved": 83773
  }
}